"Row Labels","Sum of visits"
"- outdoor furniture covers",18000133
"*couch sofa*",18000074
",nesting tables",36000035
"/amisco bar stool",18000039
"1 draw filing cabinet",18000100
"1 drawer 2 door console by powell",18000000
"1 drawer nightstand",18000000
"1 shelf bookcase",18000091
"1.5 inch umbrella base",18000000
"1/2 bookcases with doors",18000000
"1/6 stand",18000000
"10' aluminum patio umbrella",18000000
"10' aluminum patio umbrella khaki",18000000
"10' aluminum umbrella",18000000
"10' bellezza umbrella base",18000000
"10 dining table",18000000
"10 drawer cart",18000000
"10 drawer chest",18000000
"10 drawer dresser",18000021
"10 drawer dressers",18000021
"10 drawer rolling cart",18000092
"10 drawer storage cart",18000000
"10 end table",18000000
"10 foot aluminum cafe green patio umbrella",18000000
"10 foot bench",18000000
"10 foot canopy",18000140
"10 foot green patio umbrella",18000000
"10 foot green umbrella",18000000
"10 foot hammock",18000000
"10 foot outdoor umbrella",18000140
"10 foot patio umbrella",18000140
"10 foot sun shade",18000140
"10 foot umbrella",36000140
"10 ft cafe umbrella",18000000
"10 ft canopy",18000140
"10 ft outdoor patio umbrella",18000000
"10 ft outdoor umbrella",36000140
"10 ft patio umbrella",36000140
"10 ft red umbrella",18000000
"10 ft umbrella",36000140
"10 ft umbrella base",18000000
"10 ft umbrella bronze",18000000
"10 ft umbrella brown",18000000
"10 ft umbrella tan",18000000
"10 ft umbrella taupe",18000000
"10 ft umbrella with base",18000000
"10 ft. patio umbrellas green color",18000000
"10 in bookcase",18000000
"10 in futon mattress",18000000
"10 in gel memory foam mattress",18000083
"10 in mattress",18000000
"10 in mattress full",18000000
"10 in memory foam mattress full",18000083
"10 inch full futon mattress",18000000
"10 inch full mattress",18000083
"10 inch full size mattress",18000083
"10 inch futon mattress",18000000
"10 inch futon mattress full size",18000000
"10 inch gel mattress",36000083
"10 inch gel memory foam mattress",18000083
"10 inch gel memory foam mattress king",18000000
"10 inch gel memory foam twin mattress",18000000
"10 inch gel queen mattress",18000000
"10 inch king mattress",18000083
"10 inch mattress",18000083
"10 inch mattress king",18000083
"10 inch memory foam mattress",36000083
"10 inch memory foam mattress full",18000083
"10 inch memory foam mattress full xl",18000000
"10 inch memory foam mattress king",18000083
"10 inch memory foam mattress twin",18000083
"10 inch memory foam queen mattress",18000000
"10 inch outdoor umbrella",18000000
"10 inch queen mattress futon",18000000
"10 inch table",18000000
"10 inch tables",18000000
"10 inch twin coil mattress",18000000
"10 inch twin mattresses",18000083
"10' outdoor patio half",18000000
"10' outdoor umbrella",18000000
"10' patio umbrella",18000140
"10' patio umbrella bronze",18000000
"10' patio umbrella terra cotta",18000000
"10' patio umbrellas",18000140
"10 person outdoor dining table",18000000
"10' rectangular umbrella",18000000
"10 side table",18000000
"10' sun shade sail",18000000
"10' umbrella and base",18000000
"10' umbrella base",18000000
"10' umbrella outdoor",18000000
"100 lb. umbrella base",18000140
"100 pound patio umbrella stand",18000000
"100% polyester chair",18000000
"100388 barstool coaster",18000000
"100ft outdoor",18000000
"10700 series double pedestal desk",18000000
"108 dining table",18000000
"100388 barstool coaster",18000000
